{
  "language_tag": "en",
  "region_code": "IR",
  "novice": false,
  "ui": {
    "theme": "dark",
    "auto_orientation": false,
    "hide_dock_icon": false,
    "exclude_from_recent": false,
    "wake_lock": false,
    "hide_vpn": false,
    "disable_font_scaler": false,
    "hide_after_launch": true,
    "net_check_domain": "tiktok.com",
    "diversion_rule_detect_domain": "http://tiktokv.com",
    "tv_mode": false
  },
  "dev": {
    "enable_debug_log": false,
    "pprof_port": 0,
    "allow_remote_access_pprof": false,
    "allow_remote_access_htmlboard": false
  },
  "ui_screen": {
    "widgets": [
      "run_time_info",
      "connections_info",
      "profile_sub_traffic_info",
      "outbound_mode",
      "my_profiles",
      "backupandsync",
      "diversion",
      "dns",
      "net_check",
      "html_board",
      "tun",
      "outlet_ip_by_current_selected_info"
    ],
    "widgets_alpha": 255,
    "hide_invalid_server_my_profiles": false,
    "hide_invalid_server_select_server": false,
    "hide_invalid_server_diversion_rules": false,
    "sort_server_my_profiles": false,
    "sort_server_select_server": true,
    "sort_server_diversion_rules": false,
    "select_server_hide_recommand": true,
    "select_server_hide_recent": true,
    "select_server_hide_fav": true,
    "hide_unused_diversion_group": false,
    "my_link": "",
    "background_image_type": "",
    "background_image": "",
    "background_image_local": ""
  },
  "ntp": {
    "enable": false,
    "server": "time.windows.com"
  },
  "proxy": {
    "host": "127.0.0.1",
    "enable_cluster": false,
    "cluster_host": "127.0.0.1",
    "mixed_port": 3067,
    "mixed_direct_port": 3065,
    "mixed_forword_port": 3066,
    "mixed_net_share_port": 3066,
    "mixed_forword_net_share_port": 4066,
    "control_port": 3057,
    "cluster_port": 3050,
    "auto_set_system_proxy": false,
    "system_proxy_bypass_domain": [],
    "disconnect_when_quit": true,
    "auto_add_to_firewall": true,
    "socks_username": "",
    "socks_password": ""
  },
  "tun": {
    "enable": false,
    "stack": "gvisor",
    "udp_timeout": 60,
    "i4_address": "10.20.0.1",
    "mtu": 9000,
    "auto_route": true,
    "auto_redirect": false,
    "strict_route": false,
    "allow_bypass": false,
    "append_http_proxy": true,
    "allow_bypass_httpproxy_domains": [],
    "hijack_dns": true,
    "loopback_address": ""
  },
  "dns": {
    "ttl": 43200,
    "enable_rule": false,
    "test_domain": "gstatic.com",
    "enable_client_subnet": true,
    "enable_inbound_domain_resolve": false,
    "enable_static_ip": false,
    "proxy_resolve_mode": "direct",
    "resolver_addresses": [
      "local",
      "dhcp://auto"
    ],
    "outbound_addresses": [
      "local",
      "dhcp://auto"
    ],
    "direct_addresses": [
      "local",
      "dhcp://auto"
    ],
    "proxy_addresses": [
      "local",
      "dhcp://auto"
    ],
    "client_subnet": "151.238.179.19",
    "client_subnet_latest_update": "2026-02-18 13:03:35.405094",
    "static_ips": {},
    "list": [
      {
        "isp": "QUAD",
        "url": "udp://9.9.9.9"
      }
    ]
  },
  "tls": {
    "enable_insecure": false,
    "enable_fragment": false,
    "fragment_size": "100-200",
    "fragment_sleep": "10-20",
    "enable_mixed_case_sni": false,
    "enable_padding": false,
    "padding_size": "1-1500"
  },
  "mux": {
    "enable": false,
    "padding": true,
    "protocol": "smux",
    "max_streams": 8,
    "outbound_types": [
      "vmess",
      "vless",
      "trojan",
      "shadowsocks"
    ]
  },
  "rule_sets": {
    "enable_geosite": true,
    "enable_geoip": true,
    "enable_acl": true,
    "auto_append_region_geosite": true,
    "auto_append_region_geoip": true,
    "use_remote_geosite": true,
    "use_remote_geoip": true,
    "use_remote_acl": true,
    "update_interval": 86400,
    "disable_custom_diversion_group": false,
    "disable_isp_diversion_group": false
  },
  "perapp": {
    "enable": true,
    "is_include": true,
    "list_android": [],
    "list_macos": [],
    "hide_system_app": true,
    "hide_app_icon": false
  },
  "auto_select": {
    "interval": 14400,
    "tolerance": 50,
    "prioritize_my_fav": false,
    "filter": false,
    "limited_num": 300,
    "selected_health_check_interval": 300,
    "retest_if_network_udpate": true,
    "update_current_server_after_manual_urltest": false,
    "ignore_perproxy_server": false
  },
  "warp": {
    "license": ""
  },
  "webdav": {
    "url": "",
    "user": "",
    "password": ""
  },
  "auto_backup": {
    "add_profile": false,
    "remove_profile": false
  },
  "statistics": {
    "enable": false,
    "data_desensitize": true,
    "cache_days": 7
  },
  "auto_connect_after_launch": true,
  "auto_connect_at_boot": true,
  "ip_strategy": "prefer_ipv4",
  "proxy_all": true,
  "front_proxy": [],
  "private_direct": false,
  "quit_when_switch_systemUser": false,
  "alway_on": false,
  "disconnect_after_sleep_seconds": null,
  "disable_app_improve_data": false,
  "user_agents": [],
  "speed_test_list": [
    "https://www.apple.com/library/test/success.html",
    "https://x.com/home"
  ],
  "speed_test": "https://www.apple.com/library/test/success.html",
  "url_test_list": [
    "https://x.com/home"
  ],
  "url_test_timeout": 1,
  "url_test": "https://www.gstatic.com/generate_204",
  "latency_check_concurrency": 8,
  "latency_check_resolve_ip": true,
  "auto_update_channel": "stable",
  "auto_download_udpate_pkg": true,
  "origin_sb_profile": "",
  "html_board_port": 3072
}