{
  "items": [
    {
      "groupid": "custom",
      "urlOrPath": "",
      "remark": "Custom",
      "editAble": true,
      "groups": [
        {
          "groupid": "custom",
          "name": "🛑 malware",
          "type": "",
          "or": true,
          "rule_set_build_in": [
            "geosite:malware",
            "geoip:malware",
            "geoip:phishing",
            "geosite:phishing",
            "geosite:cryptominers"
          ]
        },
        {
          "groupid": "custom",
          "name": "🍎 Apple",
          "type": "",
          "or": true,
          "rule_set_build_in": [
            "geosite:apple",
            "geosite:apple-ads",
            "geosite:apple-dev",
            "geosite:apple-pki",
            "geosite:apple-update"
          ]
        },
        {
          "groupid": "custom",
          "name": "☁️ parspack",
          "type": "",
          "or": true,
          "rule_set_build_in": [
            "geoip:parspack"
          ]
        },
        {
          "groupid": "custom",
          "name": "☁️ arvancloud",
          "type": "",
          "or": true,
          "rule_set_build_in": [
            "geoip:arvancloud"
          ]
        },
        {
          "groupid": "custom",
          "name": "v2rayn",
          "type": "",
          "or": true,
          "domain_suffix": [
            ".thesuperboffers.com",
            ".mmdleech.site",
            ".digikala.com",
            ".freeserver.top",
            ".9msejcjcndmssnncnvlflmanxncnnfsl.fun",
            ".rayapay.site",
            ".ir",
            ".zarinpal.com",
            ".downloadha.com",
            ".buzz",
            ".skyroom.online",
            ".freeserver.vip",
            ".blubank.com",
            ".shaparak.ir",
            ".hailey-cdn.com",
            ".cloudam.site",
            ".zibal.ir",
            ".arzplus.net",
            ".iranex.cc",
            ".sparseassets.com",
            ".igap.net",
            ".sdb247.com",
            ".monster",
            ".divyacamilla.info",
            ".mkv",
            ".cab",
            ".amadirealestate.com"
          ],
          "domain": [
            "www.uptvs.com",
            "www.sparseassets.com",
            "www.cdn.ir",
            "www.filmin.info",
            "www.zhivaramoozan.com",
            "www.zibal.ir",
            "http://192.168.31.75:2555/",
            "http://192.168.31.75:2555",
            "www.arzplus.net",
            "www.neshan.org",
            "www.asiatech.com",
            "www.mmdleecherdl.com",
            "www.pay-srvdl.org",
            "www.multikey.me",
            "www.billigbook.com",
            "www.telewebion.com",
            "www.digimovie52.pw",
            "www.par30games.net",
            "www.dlfox.com",
            "www.aparat.com",
            "www.sizpay.ir",
            "www.mlgolden.site",
            "www.digikala.com",
            "www.amadirealestate.com",
            "www.iranex.cc",
            "www.tapsi.cab",
            "www.salamati24.com",
            "www.teimourzadehmarket.com",
            "www.radiopaedia.org",
            "www.nejm.org",
            "www.motamem.org",
            "www.amirmghorbani.com",
            "www.downloadha.com",
            "interactive.nejm.org",
            "www.shaparak.ir",
            "www.nextpay.org",
            "snapp.taxi",
            "www.snapp.taxi",
            "www.imedicaldoctor.net",
            "www.e-wigo.com",
            "my.irancell.ir",
            "www.farsroid.com",
            "www.ir-stream-storage.cloudam.site",
            "www.hailey-cdn.com",
            "www.30nama-hybrid.site",
            "web.igap.net"
          ],
          "domain_keyword": [
            "igap",
            "mmd",
            "192.168",
            "digikala",
            "mkv",
            "avi",
            "mp4",
            "30NAMA",
            "divyacamilla"
          ],
          "domain_regex": [
            "\\bdl\\d+\\.[a-z0-9.-]+\\.[a-z]+",
            "^.+\\.ir$"
          ],
          "ip_cidr": [
            "192.168.1.1",
            "192.168.31.1",
            "192.168.31.75"
          ]
        },
        {
          "groupid": "custom",
          "name": "v2raynblock",
          "type": "",
          "or": true,
          "domain": [
            "adobe.io",
            "cert.bandicam.com",
            "bandicam.com",
            "bandisoft.com"
          ],
          "domain_keyword": [
            "googleads"
          ]
        },
        {
          "groupid": "custom",
          "name": "Proxy",
          "type": "",
          "or": true,
          "domain": [
            "api-h2.tiktokv.com"
          ],
          "domain_keyword": [
            "tiktok"
          ],
          "ip_cidr": [
            "10.10.34.36/32"
          ]
        }
      ]
    }
  ],
  "rule_set_items": []
}